from,to,timestamp
Long,Han,1
Brown,Mariela,1
Fry,Alba,1
Neda,Cherryl,1
Stephen,Thanh,1
Perez,Eulalia,1
Creech,Thanh,1
Taryn,Hilaria,1
Chi,Renna,1
Long,Theola,1
Marvin,Theola,1
Rebecca,Danae,1
Ramirez,Han,1
Denise,Hilaria,1
Bennett,Theola,1
Jamal,Exie,2
Kenyatta,Jamal,2
Lavenia,Theola,2
King,Williams,2
Decker,Bree,2
Becerra,Nell,2
Alexander,Jamal,2
Jerry,Gertha,2
Keith,Gertha,2
Philip,Tiara,2
Hilaria,Thanh,2
Duarte,Bree,2
Ivory,Mariela,3
Regenia,Renna,3
Michael,Hilaria,3
Carol,Zina,3
Jeffrey,Renna,3
Mathilde,Theola,3
Karyl,Nell,3
Carver,Cherryl,3
Bailey,Argentina,3
Walker,Johnny,3
Pierson,Gwyn,3
Peter,Gregory,4
Williams,Zina,4
Edwards,Scottie,4
Carver,Morgan,4
Hall,Jamal,4
Valencia,Gertha,4
Corcoran,Mariela,4
Nell,Morgan,4
Gertrudis,Ciera,4
Rhiannon,Johnny,4
Chaney,Ciera,5
Lombardi,Bree,5
Benjamin,Michaela,5
Corina,Eulalia,5
Jenkins,Gregory,5
Conchita,Michaela,5
Reed,Gwyn,6
Avery,Alba,6
Powell,Argentina,6
Carrington,Gwyn,6
Morgan,Tiara,6
Buck,Exie,6
Boyle,Jamal,6
Wright,Renna,6
Needham,Alba,6
Cummins,Mariela,6
Nolan,Johnny,6
Mark,Gwyn,6
Watson,Thanh,6
Cher,Theola,6
Helen,Nell,7
Rudolf,Jamal,7
Zina,Jamal,7
Poland,Mariela,7
Benavidez,Danae,7
Anderson,Gwyn,7
Clark,Ivory,7
Knudsen,Emil,7
Clarence,Hilaria,7
Han,Tiara,7
Dulce,Shaun,7
Steve,Nell,7
James,Alba,7
Krebs,Emil,7
Williams,Argentina,7
Carol,Han,7
Genia,Zina,7
Karyl,Johnny,8
Peace,Emil,8
Joyce,Thanh,8
Kenyatta,Gregory,8
Brown,Scottie,8
Margaret,Williams,8
Huey,Jamal,8
Gregory,Johnny,8
Valencia,Exie,8
Bailey,Morgan,8
Benjamin,Danae,8
Derrick,Gertha,8
King,Nell,8
Rose,Exie,8
Chacon,Renna,8
Thersa,Morgan,8
Dulce,Morgan,8
Green,Ivory,9
Corcoran,Han,9
Brendon,Gregory,9
Fredericka,Emil,9
Unger,Tiara,9
Carter,Bree,9
Daniel,Hilaria,9
Carrington,Gregory,9
Renae,Alba,9
Barnes,Danae,9
Marhta,Shaun,9
Corcoran,Scottie,9
Bobby,Johnny,9
Johnson,Exie,9
Lennon,Scottie,10
Richard,Scottie,10
Kelly,Scottie,10
Terry,Renna,10
Cherryl,Mariela,10
Robinson,Eulalia,10
Patterson,Gregory,10
Carolyn,Hilaria,10
Han,Emil,10
Kevin,Bree,10
Fairley,Mariela,10
White,Gertha,10
Edgar,Alba,10
Linda,Exie,10
Edgar,Morgan,10
Garcia,Danae,10
Stewart,Morgan,10
Henderson,Exie,10
Anderson,Mariela,11
Mickey,Renna,11
Walling,Danae,11
Jamal,Gregory,11
Ross,Gwyn,11
Root,Theola,11
Fincher,Nell,11
Carolyn,Tiara,11
Scott,Gertha,11
Bell,Han,11
Perry,Jamal,11
Gorman,Shaun,11
Debra,Morgan,11
Steve,Gertha,11
Tanika,Gregory,11
Bivins,Ciera,11
Jonie,Alba,11
Santana,Zina,11
Pierson,Johnny,12
Craig,Shaun,12
Keith,Ivory,12
Rocco,Hilaria,12
Peter,Scottie,12
Carol,Tiara,12
Hurt,Eulalia,12
Ivory,Emil,12
Clevenger,Renna,13
Christina,Han,13
Richard,Gertha,13
Monnie,Mariela,13
Brennan,Morgan,13
Desirae,Gregory,13
Jose,Tiara,13
Theola,Cherryl,13
Noel,Exie,13
Brendon,Bree,13
Carolyn,Ivory,13
Jenkins,Johnny,14
Corcoran,Williams,14
Phillips,Nell,14
Lillian,Alba,14
Emil,Shaun,14
Soliz,Renna,14
Jones,Bree,14
Heather,Cherryl,14
Clark,Gwyn,14
Torres,Alba,14
Martin,Zina,14
Buck,Ivory,14
Debra,Exie,14
Reddy,Mariela,14
Reed,Mariela,15
Cherry,Gregory,15
Nicholas,Nell,15
Tiara,Morgan,15
Johnny,Williams,15
Norma,Exie,15
Long,Renna,15
Irina,Han,15
Stephen,Shaun,15
Todd,Han,15
Gonzales,Bree,15
Eulalia,Morgan,15
Theresa,Tiara,16
Harold,Scottie,16
Argentina,Theola,16
Gwyn,Michaela,16
Brendon,Mariela,16
Washington,Ciera,16
Ma,Emil,16
Fred,Danae,16
Jenkins,Conchita,16
Rebecca,Gertha,16
Rachel,Han,16
Bivins,Tiara,16
Joseph,Nell,16
Grady,Renna,16
Clifford,Williams,16
Torri,Bree,16
Tom,Williams,16
Nelson,Han,16
Linda,Shaun,16
Murphy,Han,16
Nelson,Conchita,16
Carol,Alba,17
Scott,Alba,17
Reddy,Hilaria,17
Rivera,Danae,17
Rogers,Williams,17
Thompson,Johnny,17
Harris,Michaela,17
Scott,Gwyn,17
Boyle,Renna,17
Raymond,Michaela,17
Chaney,Exie,17
Thersa,Ciera,18
Sharyl,Tiara,18
Jerry,Cherryl,18
Dott,Eulalia,18
Kendal,Tiara,18
Johnny,Gregory,18
Johnny,Hilaria,18
Ciera,Morgan,18
Benavidez,Hilaria,18
Irene,Renna,18
Cherryl,Scottie,18
Shaun,Williams,18
Jonie,Gertha,18
Vivien,Argentina,18
Cummins,Renna,18
Cuc,Gertha,18
Antonio,Gertha,18
Ivory,Emil,19
Lillian,Williams,19
Brendon,Williams,19
Cox,Renna,19
Alba,Scottie,19
Cherryl,Theola,19
Taryn,Johnny,19
Marvin,Mariela,19
Brandon,Conchita,19
Jacqualine,Renna,19
Ciera,Mariela,20
Elisabeth,Scottie,20
Cher,Argentina,20
Rodriguez,Gregory,20
Story,Johnny,20
Vivien,Argentina,20
Cook,Cherryl,20
Howard,Michaela,20
Faulk,Thanh,20
Roy,Cherryl,20
Anderson,Cherryl,21
Gregory,Argentina,21
Wanda,Michaela,21
Jane,Zina,21
Jeffrey,Morgan,21
Carter,Eulalia,21
Rudolf,Eulalia,21
Ann,Argentina,21
Hurt,Argentina,21
Krebs,Eulalia,21
Fredericka,Gregory,21
Brent,Gregory,21
Schaffer,Nell,21
Jackson,Exie,21
Hill,Exie,22
King,Argentina,22
Frida,Hilaria,22
Michael,Ciera,22
Carney,Hilaria,22
Johnny,Emil,22
Watson,Nell,22
Irene,Conchita,22
Coleman,Emil,22
Ramirez,Zina,22
Nell,Ivory,23
Marvin,Morgan,23
Hill,Ciera,23
Jonie,Conchita,23
Noel,Eulalia,23
Carter,Han,23
James,Gregory,23
Young,Tiara,23
Miller,Nell,23
Dott,Gwyn,23
Jackson,Williams,23
Easton,Zina,24
Richardson,Exie,24
Taylor,Gwyn,24
Pak,Thanh,24
Donald,Shaun,24
Foster,Bree,24
Jones,Argentina,24
Candida,Conchita,24
Williams,Han,24
Abernathy,Tiara,24
Nicholson,Tiara,24
Roy,Renna,25
Oleta,Exie,25
Amanda,Williams,25
Thomas,Renna,25
Clevenger,Scottie,25
Bell,Theola,25
Simpkins,Scottie,25
Jack,Exie,25
Ross,Conchita,25
Fairley,Alba,25
John,Mariela,25
Joette,Han,25
Aaron,Han,25
Knudsen,Alba,25
Morris,Argentina,25
Conklin,Argentina,25
Tiara,Argentina,25
Collins,Morgan,25
Irina,Danae,25
Joseph,Johnny,25
Wood,Conchita,26
Fredericka,Ciera,26
Gertha,Exie,26
Stewart,Jamal,26
Lewis,Johnny,26
Root,Nell,26
Mathilde,Tiara,26
Tom,Exie,26
Antonio,Morgan,26
Doris,Williams,26
Antonio,Zina,26
Ciera,Bree,26
Jones,Williams,27
Rudolf,Michaela,27
Renna,Ivory,27
Joette,Jamal,27
Chacon,Shaun,27
Hyacinth,Morgan,27
Gertha,Hilaria,27
Moore,Scottie,27
Baker,Eulalia,27
Gwyn,Mariela,27
Anthony,Eulalia,27
Perez,Thanh,28
Richard,Ivory,28
Peter,Eulalia,28
Eldridge,Gregory,28
Shaun,Ciera,28
Sampson,Conchita,28
Tina,Alba,28
Rachel,Gertha,28
Sapp,Zina,28
Heather,Hilaria,28
Schiller,Argentina,28
Jack,Ciera,28
Diaz,Gregory,28
Irina,Exie,28
Roy,Shaun,28
Mize,Tiara,28
Hughes,Argentina,28
Linda,Zina,28
Sweat,Ivory,29
Wellman,Gregory,29
Russell,Ivory,29
Cook,Emil,29
Bryant,Han,29
Gonzalez,Alba,29
Johnson,Cherryl,29
Jeffrey,Emil,29
Corina,Scottie,29
Diane,Shaun,29
Mitchell,Renna,29
Creech,Emil,29
Nicholson,Eulalia,29
Gertha,Argentina,29
Torri,Danae,29
Oleta,Theola,30
Phillips,Tiara,30
Brittani,Johnny,30
Frey,Eulalia,30
Zada,Hilaria,30
Oleta,Danae,30
Dietrich,Ciera,30
Butler,Zina,30
Rocco,Renna,30
Brennan,Jamal,30
Bree,Jamal,30
Monnie,Mariela,30
